,year,date,name,course
12009,2009,Jan 8 - 11,Mercedes-Benz Championship,"Kapalua Resort (Plantation Course) - Kapalua, HI. "
22009,2009,Jan 15 - 18,Sony Open in Hawaii,"Waialae Country Club - Honolulu, HI. "
32009,2009,Jan 21 - 25,The 50th Bob Hope Classic hosted by Arnold Palmer,"PGA West Palmer Course - La Quinta, CA. Bermuda Dunes CC - Bermuda Dunes, CA. Silver Rock - La Quinta, CA. Jack Nicklaus Tournament Course - La Quinta, CA. "
42009,2009,Jan 29 - Feb 1,FBR Open,"TPC Scottsdale (Stadium Course) - Scottsdale, AZ. "
52009,2009,Feb 5 - 8,Buick Invitational,"Torrey Pines (North Course) - La Jolla, CA. Torrey Pines (South Course) - La Jolla, CA. "
62009,2009,Feb 12 - 15,AT&T Pebble Beach National Pro-Am,"Spyglass Hill GC - Pebble Beach, CA. Pebble Beach Golf Links - Pebble Beach, CA. Poppy Hills GC - Pebble Beach, CA. "
72009,2009,Feb 19 - 22,Northern Trust Open,"Riviera Country Club - Pacific Palisades, CA. "
82009,2009,Feb 25 - Mar 1,World Golf Championships-Accenture Match Play Championship,"The Golf Club at Dove Mountain - Marana, AZ. "
92009,2009,Feb 26 - Mar 1,Mayakoba Golf Classic at Riviera Maya-Cancun,"El Camaleón Golf Course at Mayakoba - Quintana Roo, Mexico. "
102009,2009,Mar 5 - 8,The Honda Classic,"PGA National Resort & Spa (The Champion) - Palm Beach Gardens, FL. "
112009,2009,Mar 12 - 15,World Golf Championships-CA Championship,"Trump National Doral Golf Course - Doral, FL. "
122009,2009,Mar 12 - 15,Puerto Rico Open presented by Banco Popular,"Grand Reserve Country Club - Rio Grande, Puerto Rico. "
132009,2009,Mar 19 - 22,Transitions Championship,"Innisbrook Resort (Copperhead Course) - Palm Harbor, FL. "
142009,2009,Mar 26 - 29,Arnold Palmer Invitational presented by MasterCard,"Arnold Palmer's Bay Hill Club & Lodge - Orlando, FL. "
152009,2009,Apr 2 - 5,Shell Houston Open,"Golf Club of Houston - Houston, TX. "
162009,2009,Apr 9 - 12,The Masters,
172009,2009,Apr 16 - 19,Verizon Heritage,"Harbour Town Golf Links - Hilton Head Island, SC. "
182009,2009,Apr 23 - 26,Zurich Classic of New Orleans,"TPC Louisiana - Avondale, LA. "
192009,2009,Apr 30 - May 3,Quail Hollow Championship,"Quail Hollow Club - Charlotte, NC. "
202009,2009,May 7 - 10,THE PLAYERS Championship,"TPC Sawgrass (THE PLAYERS Stadium Course) - Ponte Vedra Beach, FL. "
212009,2009,May 14 - 17,Valero Texas Open,"LaCantera GC - San Antonio, TX. "
222009,2009,May 21 - 24,HP Byron Nelson Championship,"TPC Four Seasons Resort - Irving, TX. "
232009,2009,May 28 - 31,Crowne Plaza Invitational at Colonial,"Colonial Country Club - Fort Worth, TX. "
242009,2009,Jun 4 - 7,the Memorial Tournament,"Muirfield Village Golf Club - Dublin, OH. "
252009,2009,Jun 11 - 14,St. Jude Classic presented by FedEx,"TPC Southwind - Memphis, TN. "
262009,2009,Jun 18 - 22,U.S. Open Championship,
272009,2009,Jun 25 - 28,Travelers Championship,"TPC River Highlands - Cromwell, CT. "
282009,2009,Jul 2 - 5,AT&T National,"Congressional Country Club - Bethesda, MD. "
292009,2009,Jul 9 - 12,John Deere Classic,"TPC Deere Run - Silvis, IL. "
302009,2009,Jul 16 - 19,British Open Championship,
312009,2009,Jul 16 - 19,U.S. Bank Championship in Milwaukee,"Brown Deer Park GC - Milwaukee, WI. "
322009,2009,Jul 23 - 27,RBC Canadian Open,"Glen Abbey GC - Oakville, ON. "
332009,2009,Jul 30 - Aug 2,Buick Open,"Warwick Hills G&CC - Grand Blanc, MI. "
342009,2009,Aug 6 - 9,World Golf Championships-Bridgestone Invitational,"Firestone CC (South Course) - Akron, OH. "
352009,2009,Aug 6 - 9,Legends Reno-Tahoe Open,"Montreux G&CC - Reno, NV. "
362009,2009,Aug 13 - 16,PGA Championship,
372009,2009,Aug 20 - 23,Wyndham Championship,"Sedgefield Country Club - Greensboro, NC. "
382009,2009,Aug 27 - 30,The Barclays,"Liberty National Golf Club - Jersey City, NJ. "
392009,2009,Sep 4 - 7,Deutsche Bank Championship,"TPC Boston - Norton, MA. "
402009,2009,Sep 10 - 13,BMW Championship,"Cog Hill G&CC - Lemont, IL. "
412009,2009,Sep 24 - 27,THE TOUR Championship presented by Coca-Cola,"East Lake Golf Club - Atlanta, GA. "
422009,2009,Oct 1 - 5,Turning Stone Resort Championship,"Atunyote Golf Club - Verona, NY. "
432009,2009,Oct 8 - 11,The Presidents Cup,"TPC Harding Park - San Francisco, CA. "
442009,2009,Oct 15 - 18,Justin Timberlake Shriners Hospitals for Children Open,"TPC Summerlin - Las Vegas, NV. "
452009,2009,Oct 22 - 25,Frys.com Open,"Grayhawk Golf Club - Raptor - Scottsdale, AZ. "
462009,2009,Oct 29 - Nov 1,Viking Classic,"Annandale GC - Madison, MS. "
472009,2009,Nov 12 - 15,Children's Miracle Network Classic,"Magnolia GC - Lake Buena Vista, FL. Palm GC - Lake Buena Vista, FL. "
482009,2009,Dec 2 - 7,PGA Tour Qualifying Tournament,Bear Lake Country Club Links Course. Bear Lake Country Club Lakes Course. 
12010,2010,Jan 7 - 10,Hyundai Tournament of Champions,"Kapalua Resort (Plantation Course) - Kapalua, HI. "
22010,2010,Jan 14 - 17,Sony Open in Hawaii,"Waialae Country Club - Honolulu, HI. "
32010,2010,Jan 20 - 25,Bob Hope Classic,"PGA West Palmer Course - La Quinta, CA. La Quinta Country Club - La Quinta, CA. Silver Rock - La Quinta, CA. Jack Nicklaus Tournament Course - La Quinta, CA. "
42010,2010,Jan 28 - 31,Farmers Insurance Open,"Torrey Pines (North Course) - La Jolla, CA. Torrey Pines (South Course) - La Jolla, CA. "
52010,2010,Feb 4 - 7,Northern Trust Open,"Riviera Country Club - Pacific Palisades, CA. "
62010,2010,Feb 11 - 14,AT&T Pebble Beach National Pro-Am,"Spyglass Hill GC - Pebble Beach, CA. Pebble Beach Golf Links - Pebble Beach, CA. Monterey Peninsula Country Club (Shore Course) - Pebble Beach, CA. "
72010,2010,Feb 17 - 21,World Golf Championships-Accenture Match Play Championship,"The Golf Club at Dove Mountain - Marana, AZ. "
82010,2010,Feb 18 - 21,Mayakoba Golf Classic at Riviera Maya-Cancun,"El Camaleón Golf Course at Mayakoba - Quintana Roo, Mexico. "
92010,2010,Feb 25 - 28,Waste Management Phoenix Open,"TPC Scottsdale (Stadium Course) - Scottsdale, AZ. "
102010,2010,Mar 4 - 7,The Honda Classic,"PGA National Resort & Spa (The Champion) - Palm Beach Gardens, FL. "
112010,2010,Mar 11 - 14,World Golf Championships-CA Championship,"Trump National Doral Golf Course - Doral, FL. "
122010,2010,Mar 11 - 15,Puerto Rico Open presented by Banco Popular,"Grand Reserve Country Club - Rio Grande, Puerto Rico. "
132010,2010,Mar 18 - 21,Transitions Championship,"Innisbrook Resort (Copperhead Course) - Palm Harbor, FL. "
142010,2010,Mar 25 - 29,Arnold Palmer Invitational presented by MasterCard,"Arnold Palmer's Bay Hill Club & Lodge - Orlando, FL. "
152010,2010,Apr 1 - 4,Shell Houston Open,"Golf Club of Houston - Houston, TX. "
162010,2010,Apr 8 - 11,The Masters,
172010,2010,Apr 15 - 18,Verizon Heritage,"Harbour Town Golf Links - Hilton Head Island, SC. "
182010,2010,Apr 22 - 25,Zurich Classic of New Orleans,"TPC Louisiana - Avondale, LA. "
192010,2010,Apr 29 - May 2,Wells Fargo Championship,"Quail Hollow Club - Charlotte, NC. "
202010,2010,May 6 - 9,THE PLAYERS Championship,"TPC Sawgrass (THE PLAYERS Stadium Course) - Ponte Vedra Beach, FL. "
212010,2010,May 13 - 16,Valero Texas Open,"TPC San Antonio (Oaks Course) - San Antonio, TX. "
222010,2010,May 20 - 23,HP Byron Nelson Championship,"TPC Four Seasons Resort - Irving, TX. "
232010,2010,May 27 - 30,Crowne Plaza Invitational at Colonial,"Colonial Country Club - Fort Worth, TX. "
242010,2010,Jun 3 - 6,the Memorial Tournament presented by Nationwide Insurance,"Muirfield Village Golf Club - Dublin, OH. "
252010,2010,Jun 10 - 13,St. Jude Classic presented by Smith & Nephew,"TPC Southwind - Memphis, TN. "
272010,2010,Jun 17 - 20,U.S. Open Championship,
282010,2010,Jun 24 - 27,Travelers Championship,"TPC River Highlands - Cromwell, CT. "
292010,2010,Jul 1 - 4,AT&T National,"Aronimink GC - Newtown Square, PA. "
302010,2010,Jul 8 - 11,John Deere Classic,"TPC Deere Run - Silvis, IL. "
312010,2010,Jul 15 - 18,The Open Championship,
322010,2010,Jul 15 - 18,Reno-Tahoe Open,"Montreux G&CC - Reno, NV. "
332010,2010,Jul 22 - 25,RBC Canadian Open,"St. George&apos;s G&CC - Etobicoke, Ontario. "
342010,2010,Jul 29 - Aug 1,The Greenbrier Classic,"The Old White Course - White Sulphur Springs, WV. "
352010,2010,Aug 5 - 8,World Golf Championships-Bridgestone Invitational,"Firestone CC (South Course) - Akron, OH. "
362010,2010,Aug 5 - 8,Turning Stone Resort Championship,"Atunyote Golf Club - Verona, NY. "
372010,2010,Aug 12 - 15,PGA Championship,
382010,2010,Aug 19 - 22,Wyndham Championship,"Sedgefield Country Club - Greensboro, NC. "
392010,2010,Aug 26 - 29,The Barclays,"Ridgewood Country Club - Paramus, NJ. "
402010,2010,Sep 3 - 6,Deutsche Bank Championship,"TPC Boston - Norton, MA. "
412010,2010,Sep 9 - 12,BMW Championship,"Cog Hill G&CC - Lemont, IL. "
422010,2010,Sep 23 - 26,THE TOUR Championship presented by Coca-Cola,"East Lake Golf Club - Atlanta, GA. "
432010,2010,Sep 30 - Oct 3,Viking Classic,"Annandale GC - Madison, MS. "
442010,2010,Oct 1 - 4,Ryder Cup,"The Celtic Manor Resort - Newport, Wales. "
452010,2010,Oct 7 - 10,The McGladrey Classic,"Sea Island Resort (Seaside Course) - Saint Simons Island, GA. "
462010,2010,Oct 14 - 17,Frys.com Open,"CordeValle Golf Club - San Martin, CA. "
472010,2010,Oct 21 - 24,Justin Timberlake Shriners Hospitals for Children Open,"TPC Summerlin - Las Vegas, NV. "
482010,2010,Oct 28 - 31,CIMB Asia Pacific Classic Malaysia,The MINES Resort & Golf Club - Kuala Lumpur. 
492010,2010,Nov 3 - 7,WGC-HSBC Champions,"Sheshan International GC - Shanghai, China. "
502010,2010,Nov 11 - 14,Children's Miracle Network Classic,"Magnolia GC - Lake Buena Vista, FL. Palm GC - Lake Buena Vista, FL. "
512010,2010,Dec 1 - 6,PGA TOUR Qualifying Tournament,"Panther Lake Golf Course - Winter Garden, FL. Crooked Cat Course. "
522010,2010,Dec 2 - 5,Chevron World Challenge,"Sherwood CC in Thousand Oaks - Thousand Oaks, CA. "
12013,2013,Jan 4 - 8,Hyundai Tournament of Champions,"Kapalua Resort (Plantation Course) - Kapalua, HI. "
22013,2013,Jan 10 - 13,Sony Open in Hawaii,"Waialae Country Club - Honolulu, HI. "
32013,2013,Jan 17 - 20,Humana Challenge in partnership with the Clinton Foundation,"PGA West Palmer Course - La Quinta, CA. La Quinta Country Club - La Quinta, CA. Jack Nicklaus Tournament Course - La Quinta, CA. "
42013,2013,Jan 24 - 28,Farmers Insurance Open,"Torrey Pines (North Course) - La Jolla, CA. Torrey Pines (South Course) - La Jolla, CA. "
52013,2013,Jan 31 - Feb 3,Waste Management Phoenix Open,"TPC Scottsdale (Stadium Course) - Scottsdale, AZ. "
62013,2013,Feb 7 - 10,AT&T Pebble Beach National Pro-Am,"Spyglass Hill GC - Pebble Beach, CA. Pebble Beach Golf Links - Pebble Beach, CA. Monterey Peninsula Country Club (Shore Course) - Pebble Beach, CA. "
72013,2013,Feb 14 - 17,Northern Trust Open,"Riviera Country Club - Pacific Palisades, CA. "
82013,2013,Feb 20 - 24,World Golf Championships-Accenture Match Play Championship,"The Golf Club at Dove Mountain - Marana, AZ. "
102013,2013,Mar 7 - 10,Puerto Rico Open presented by seepuertorico.com,"Grand Reserve Country Club - Rio Grande, Puerto Rico. "
112013,2013,Mar 7 - 10,World Golf Championships-Cadillac Championship,"Trump National Doral Golf Course - Doral, FL. "
122013,2013,Mar 14 - 17,Tampa Bay Championship presented by EverBank,"Innisbrook Resort (Copperhead Course) - Palm Harbor, FL. "
132013,2013,Mar 21 - 25,Arnold Palmer Invitational presented by MasterCard,"Arnold Palmer's Bay Hill Club & Lodge - Orlando, FL. "
142013,2013,Mar 28 - 31,Shell Houston Open,"Golf Club of Houston - Houston, TX. "
152013,2013,Apr 4 - 7,Valero Texas Open,"TPC San Antonio (Oaks Course) - San Antonio, TX. "
162013,2013,Apr 11 - 14,Masters Tournament,
172013,2013,Apr 18 - 21,RBC Heritage,"Harbour Town Golf Links - Hilton Head Island, SC. "
182013,2013,Apr 25 - 28,Zurich Classic of New Orleans,"TPC Louisiana - Avondale, LA. "
192013,2013,May 2 - 5,Wells Fargo Championship,"Quail Hollow Club - Charlotte, NC. "
202013,2013,May 9 - 12,THE PLAYERS Championship,"TPC Sawgrass (THE PLAYERS Stadium Course) - Ponte Vedra Beach, FL. "
212013,2013,May 16 - 19,HP Byron Nelson Championship,"TPC Four Seasons Resort - Irving, TX. "
222013,2013,May 23 - 26,Crowne Plaza Invitational at Colonial,"Colonial Country Club - Fort Worth, TX. "
232013,2013,May 30 - Jun 2,the Memorial Tournament presented by Nationwide Insurance,"Muirfield Village Golf Club - Dublin, OH. "
242013,2013,Jun 6 - 9,FedEx St. Jude Classic,"TPC Southwind - Memphis, TN. "
252013,2013,Jun 13 - 16,U.S. Open Golf Championship,
262013,2013,Jun 20 - 23,Travelers Championship,"TPC River Highlands - Cromwell, CT. "
272013,2013,Jun 27 - 30,AT&T National,"Congressional Country Club - Bethesda, MD. "
282013,2013,Jul 4 - 7,The Greenbrier Classic,"The Old White Course - White Sulphur Springs, WV. "
292013,2013,Jul 11 - 14,John Deere Classic,"TPC Deere Run - Silvis, IL. "
302013,2013,Jul 18 - 21,Sanderson Farms Championship,"Annandale GC - Madison, MS. "
312013,2013,Jul 18 - 21,The Open Championship,
322013,2013,Jul 25 - 28,RBC Canadian Open,"Glen Abbey GC - Oakville, ON. "
332013,2013,Aug 1 - 4,World Golf Championships-Bridgestone Invitational,"Firestone CC (South Course) - Akron, OH. "
352013,2013,Aug 8 - 11,PGA Championship,
362013,2013,Aug 15 - 18,Wyndham Championship,"Sedgefield Country Club - Greensboro, NC. "
372013,2013,Aug 22 - 25,The Barclays,"Liberty National Golf Club - Jersey City, NJ. "
382013,2013,Aug 30 - Sep 2,Deutsche Bank Championship,"TPC Boston - Norton, MA. "
392013,2013,Sep 12 - 16,BMW Championship,"Conway Farms Golf Club - Lake Forest, IL. "
402013,2013,Sep 19 - 22,TOUR Championship by Coca-Cola,"East Lake Golf Club - Atlanta, GA. "
412013,2013,Oct 3 - 6,The Presidents Cup,"Muirfield Village Golf Club - Dublin, OH. "
12014,2014,Oct 10 - 13,Frys.com Open,"CordeValle Golf Club - San Martin, CA. "
22014,2014,Oct 17 - 20,Shriners Hospitals for Children Open,"TPC Summerlin - Las Vegas, NV. "
32014,2014,Oct 24 - 27,CIMB Classic,"TPC Kuala Lumpur - Kuala Lumpur, Malaysia. "
42014,2014,Oct 31 - Nov 3,World Golf Championships-HSBC Champions,"Sheshan International GC - Shanghai, China. "
52014,2014,Nov 7 - 10,The McGladrey Classic,"Sea Island Resort (Seaside Course) - Saint Simons Island, GA. "
62014,2014,Nov 14 - 17,OHL Classic at Mayakoba,"El Camaleón Golf Course at Mayakoba - Quintana Roo, Mexico. "
72014,2014,Dec 5 - 8,Northwestern Mutual World Challenge,"Sherwood CC in Thousand Oaks - Thousand Oaks, CA. "
82014,2014,Jan 3 - 6,Hyundai Tournament of Champions,"Kapalua Resort (Plantation Course) - Kapalua, HI. "
92014,2014,Jan 9 - 12,Sony Open in Hawaii,"Waialae Country Club - Honolulu, HI. "
102014,2014,Jan 16 - 19,Humana Challenge in partnership with the Clinton Foundation,"PGA West Palmer Course - La Quinta, CA. La Quinta Country Club - La Quinta, CA. Jack Nicklaus Tournament Course - La Quinta, CA. "
112014,2014,Jan 23 - 26,Farmers Insurance Open,"Torrey Pines (North Course) - La Jolla, CA. Torrey Pines (South Course) - La Jolla, CA. "
122014,2014,Jan 30 - Feb 2,Waste Management Phoenix Open,"TPC Scottsdale (Stadium Course) - Scottsdale, AZ. "
132014,2014,Feb 6 - 9,AT&T Pebble Beach National Pro-Am,"Spyglass Hill GC - Pebble Beach, CA. Pebble Beach Golf Links - Pebble Beach, CA. Monterey Peninsula Country Club (Shore Course) - Pebble Beach, CA. "
142014,2014,Feb 13 - 16,Northern Trust Open,"Riviera Country Club - Pacific Palisades, CA. "
152014,2014,Feb 19 - 23,World Golf Championships-Accenture Match Play Championship,"The Golf Club at Dove Mountain - Marana, AZ. "
162014,2014,Feb 27 - Mar 2,The Honda Classic,"PGA National Resort & Spa (The Champion) - Palm Beach Gardens, FL. "
172014,2014,Mar 6 - 9,Puerto Rico Open presented by seepuertorico.com,"Grand Reserve Country Club - Rio Grande, Puerto Rico. "
182014,2014,Mar 6 - 9,World Golf Championships-Cadillac Championship,"Trump National Doral Golf Course - Doral, FL. "
192014,2014,Mar 13 - 16,Valspar Championship,"Innisbrook Resort (Copperhead Course) - Palm Harbor, FL. "
202014,2014,Mar 20 - 23,Arnold Palmer Invitational presented by MasterCard,"Arnold Palmer's Bay Hill Club & Lodge - Orlando, FL. "
212014,2014,Mar 27 - 30,Valero Texas Open,"TPC San Antonio (Oaks Course) - San Antonio, TX. "
222014,2014,Apr 3 - 6,Shell Houston Open,"Golf Club of Houston - Houston, TX. "
232014,2014,Apr 10 - 13,Masters Tournament,
242014,2014,Apr 17 - 20,RBC Heritage,"Harbour Town Golf Links - Hilton Head Island, SC. "
252014,2014,Apr 24 - 27,Zurich Classic of New Orleans,"TPC Louisiana - Avondale, LA. "
262014,2014,May 1 - 4,Wells Fargo Championship,"Quail Hollow Club - Charlotte, NC. "
272014,2014,May 8 - 11,THE PLAYERS Championship,"TPC Sawgrass (THE PLAYERS Stadium Course) - Ponte Vedra Beach, FL. "
282014,2014,May 15 - 18,HP Byron Nelson Championship,"TPC Four Seasons Resort - Irving, TX. "
292014,2014,May 22 - 25,Crowne Plaza Invitational at Colonial,"Colonial Country Club - Fort Worth, TX. "
302014,2014,May 29 - Jun 1,the Memorial Tournament presented by Nationwide Insurance,"Muirfield Village Golf Club - Dublin, OH. "
312014,2014,Jun 5 - 8,FedEx St. Jude Classic,"TPC Southwind - Memphis, TN. "
332014,2014,Jun 19 - 22,Travelers Championship,"TPC River Highlands - Cromwell, CT. "
342014,2014,Jun 26 - 29,Quicken Loans National,"Congressional Country Club - Bethesda, MD. "
352014,2014,Jul 3 - 6,The Greenbrier Classic,"The Old White Course - White Sulphur Springs, WV. "
362014,2014,Jul 10 - 13,John Deere Classic,"TPC Deere Run - Silvis, IL. "
382014,2014,Jul 24 - 27,RBC Canadian Open,"Royal Montreal GC(Blue Course) - Ile Bizard, Quebec. "
402014,2014,Jul 31 - Aug 3,World Golf Championships-Bridgestone Invitational,"Firestone CC (South Course) - Akron, OH. "
412014,2014,Aug 7 - 10,PGA Championship,
422014,2014,Aug 14 - 17,Wyndham Championship,"Sedgefield Country Club - Greensboro, NC. "
432014,2014,Aug 21 - 24,The Barclays,"Ridgewood Country Club - Paramus, NJ. "
442014,2014,Aug 29 - Sep 1,Deutsche Bank Championship,"TPC Boston - Norton, MA. "
452014,2014,Sep 4 - 7,BMW Championship,"Cherry Hills CC - Cherry Hills Village, CO. "
462014,2014,Sep 11 - 14,TOUR Championship by Coca-Cola,"East Lake Golf Club - Atlanta, GA. "
472014,2014,Sep 26 - 28,Ryder Cup,"Gleneagles Golf Course - Perth, Scotland. "
12015,2015,Oct 9 - 12,Frys.com Open,"Silverado Resort and Spa (North Course) - Napa, CA. "
22015,2015,Oct 16 - 19,Shriners Hospitals for Children Open,"TPC Summerlin - Las Vegas, NV. "
32015,2015,Oct 23 - 26,The McGladrey Classic,"Sea Island Resort (Seaside Course) - Saint Simons Island, GA. "
42015,2015,Oct 30 - Nov 2,CIMB Classic,"TPC Kuala Lumpur - Kuala Lumpur, Malaysia. "
52015,2015,Nov 6 - 9,World Golf Championships-HSBC Champions,"Sheshan International GC - Shanghai, China. "
62015,2015,Nov 6 - 9,Sanderson Farms Championship,"Country Club of Jackson - Jackson, MS. "
72015,2015,Nov 13 - 16,OHL Classic at Mayakoba,"El Camaleón Golf Course at Mayakoba - Quintana Roo, Mexico. "
82015,2015,Dec 4 - 7,Hero World Challenge,"Isleworth G&CC - Windermere, FL. "
92015,2015,Jan 9 - 12,Hyundai Tournament of Champions,"Kapalua Resort (Plantation Course) - Kapalua, HI. "
102015,2015,Jan 15 - 18,Sony Open in Hawaii,"Waialae Country Club - Honolulu, HI. "
112015,2015,Jan 22 - 25,Humana Challenge in partnership with the Clinton Foundation,"PGA West Palmer Course - La Quinta, CA. La Quinta Country Club - La Quinta, CA. Jack Nicklaus Tournament Course - La Quinta, CA. Jack Nicklaus Tournament Course - Duplicate - La Quinta, CA. "
122015,2015,Jan 29 - Feb 1,Waste Management Phoenix Open,"TPC Scottsdale (Stadium Course) - Scottsdale, AZ. "
132015,2015,Feb 5 - 8,Farmers Insurance Open,"Torrey Pines (North Course) - La Jolla, CA. Torrey Pines (South Course) - La Jolla, CA. "
142015,2015,Feb 12 - 15,AT&T Pebble Beach National Pro-Am,"Spyglass Hill GC - Pebble Beach, CA. Pebble Beach Golf Links - Pebble Beach, CA. Monterey Peninsula Country Club (Shore Course) - Pebble Beach, CA. "
152015,2015,Feb 19 - 22,Northern Trust Open,"Riviera Country Club - Pacific Palisades, CA. "
162015,2015,Feb 26 - Mar 2,The Honda Classic,"PGA National Resort & Spa (The Champion) - Palm Beach Gardens, FL. "
172015,2015,Mar 5 - 8,Puerto Rico Open,"Grand Reserve Country Club - Rio Grande, Puerto Rico. "
182015,2015,Mar 5 - 8,World Golf Championships-Cadillac Championship,"Trump National Doral Golf Course - Doral, FL. "
192015,2015,Mar 12 - 15,Valspar Championship,"Innisbrook Resort (Copperhead Course) - Palm Harbor, FL. "
202015,2015,Mar 19 - 22,Arnold Palmer Invitational presented by MasterCard,"Arnold Palmer's Bay Hill Club & Lodge - Orlando, FL. "
212015,2015,Mar 26 - 29,Valero Texas Open,"TPC San Antonio (Oaks Course) - San Antonio, TX. "
222015,2015,Apr 2 - 5,Shell Houston Open,"Golf Club of Houston - Houston, TX. "
232015,2015,Apr 9 - 12,Masters Tournament,
242015,2015,Apr 16 - 19,RBC Heritage,"Harbour Town Golf Links - Hilton Head Island, SC. "
252015,2015,Apr 23 - 26,Zurich Classic of New Orleans,"TPC Louisiana - Avondale, LA. "
262015,2015,Apr 29 - May 3,World Golf Championships-Cadillac Match Play,"TPC Harding Park - San Francisco, CA. "
272015,2015,May 7 - 10,THE PLAYERS Championship,"TPC Sawgrass (THE PLAYERS Stadium Course) - Ponte Vedra Beach, FL. "
282015,2015,May 14 - 17,Wells Fargo Championship,"Quail Hollow Club - Charlotte, NC. "
292015,2015,May 21 - 24,Crowne Plaza Invitational at  Colonial,"Colonial Country Club - Fort Worth, TX. "
302015,2015,May 28 - 31,AT&T Byron Nelson,"TPC Four Seasons Resort - Irving, TX. St. George&apos;s G&CC - Etobicoke, Ontario. TPC Sugarloaf - Duluth, GA. "
312015,2015,Jun 4 - 7,the Memorial Tournament presented by Nationwide,"Muirfield Village Golf Club - Dublin, OH. "
322015,2015,Jun 11 - 14,FedEx St. Jude Classic,"TPC Southwind - Memphis, TN. "
332015,2015,Jun 18 - 21,U.S. Open,
342015,2015,Jun 25 - 28,Travelers Championship,"TPC River Highlands - Cromwell, CT. "
352015,2015,Jul 2 - 5,The Greenbrier Classic,"The Old White Course - White Sulphur Springs, WV. "
362015,2015,Jul 9 - 12,John Deere Classic,"TPC Deere Run - Silvis, IL. "
372015,2015,Jul 16 - 20,The Open,
392015,2015,Jul 23 - 26,RBC Canadian Open,"Glen Abbey GC - Oakville, ON. "
402015,2015,Jul 30 - Aug 2,Quicken Loans National,"Robert Trent Jones GC - Gainesville, VA. "
422015,2015,Aug 6 - 9,World Golf Championships-Bridgestone Invitational,"Firestone CC (South Course) - Akron, OH. "
432015,2015,Aug 13 - 16,PGA Championship,
442015,2015,Aug 20 - 23,Wyndham Championship,"Sedgefield Country Club - Greensboro, NC. "
452015,2015,Aug 27 - 30,The Barclays,"Plainfield CC - Edison, NJ. "
462015,2015,Sep 4 - 7,Deutsche Bank Championship,"TPC Boston - Norton, MA. "
472015,2015,Sep 17 - 20,BMW Championship,"Conway Farms Golf Club - Lake Forest, IL. "
482015,2015,Sep 24 - 27,TOUR Championship by Coca-Cola,"East Lake Golf Club - Atlanta, GA. "
492015,2015,Oct 8 - 11,The Presidents Cup,"Jack Nicklaus Golf Club Korea - Incheon, South Korea. "
12016,2016,Oct 15 - 18,Frys.com Open,"Silverado Resort and Spa (North Course) - Napa, CA. "
22016,2016,Oct 22 - 25,Shriners Hospitals for Children Open,"TPC Summerlin - Las Vegas, NV. "
32016,2016,Oct 29 - Nov 1,CIMB Classic,"TPC Kuala Lumpur - Kuala Lumpur, Malaysia. "
42016,2016,Nov 5 - 8,World Golf Championships-HSBC Champions,"Sheshan International GC - Shanghai, China. "
52016,2016,Nov 5 - 9,Sanderson Farms Championship,"Country Club of Jackson - Jackson, MS. "
62016,2016,Nov 12 - 16,OHL Classic at Mayakoba,"El Camaleón Golf Course at Mayakoba - Quintana Roo, Mexico. "
72016,2016,Nov 19 - 22,The RSM Classic,"Sea Island Resort (Seaside Course) - Saint Simons Island, GA. Sea Island Resort (Plantation Course) - Saint Simons Island, GA. "
82016,2016,Dec 3 - 6,Hero World Challenge,"Albany - New Providence, Bahamas. "
92016,2016,Jan 7 - 10,Hyundai Tournament of Champions,"Kapalua Resort (Plantation Course) - Kapalua, HI. "
102016,2016,Jan 14 - 17,Sony Open in Hawaii,"Waialae Country Club - Honolulu, HI. "
112016,2016,Jan 21 - 24,CareerBuilder Challenge in partnership with the Clinton Foundation,"La Quinta Country Club - La Quinta, CA. Jack Nicklaus Tournament Course - La Quinta, CA. Stadium Course - La Quinta, CA. Jack Nicklaus Tournament Course - Duplicate - La Quinta, CA. "
122016,2016,Jan 28 - Feb 1,Farmers Insurance Open,"Torrey Pines (North Course) - La Jolla, CA. Torrey Pines (South Course) - La Jolla, CA. "
132016,2016,Feb 4 - 7,Waste Management Phoenix Open,"TPC Scottsdale (Stadium Course) - Scottsdale, AZ. "
142016,2016,Feb 11 - 14,AT&T Pebble Beach Pro-Am,"Spyglass Hill GC - Pebble Beach, CA. Pebble Beach Golf Links - Pebble Beach, CA. Monterey Peninsula Country Club (Shore Course) - Pebble Beach, CA. "
152016,2016,Feb 18 - 21,Northern Trust Open,"Riviera Country Club - Pacific Palisades, CA. "
162016,2016,Feb 25 - 28,The Honda Classic,"PGA National Resort & Spa (The Champion) - Palm Beach Gardens, FL. "
172016,2016,Mar 3 - 6,World Golf Championships-Cadillac Championship,"Trump National Doral Golf Course - Doral, FL. "
182016,2016,Mar 10 - 13,Valspar Championship,"Innisbrook Resort (Copperhead Course) - Palm Harbor, FL. "
192016,2016,Mar 17 - 20,Arnold Palmer Invitational presented by MasterCard,"Arnold Palmer's Bay Hill Club & Lodge - Orlando, FL. "
202016,2016,Mar 23 - 27,World Golf Championships-Dell Match Play,"Austin Country Club - Austin, TX. "
212016,2016,Mar 24 - 27,Puerto Rico Open at Coco Beach,"Grand Reserve Country Club - Rio Grande, Puerto Rico. "
222016,2016,Mar 31 - Apr 3,Shell Houston Open,"Golf Club of Houston - Houston, TX. "
232016,2016,Apr 7 - 10,Masters Tournament,
242016,2016,Apr 14 - 17,RBC Heritage,"Harbour Town Golf Links - Hilton Head Island, SC. "
252016,2016,Apr 21 - 24,Valero Texas Open,"TPC San Antonio (Oaks Course) - San Antonio, TX. "
262016,2016,Apr 28 - May 2,Zurich Classic of New Orleans,"TPC Louisiana - Avondale, LA. "
272016,2016,May 5 - 8,Wells Fargo Championship,"Quail Hollow Club - Charlotte, NC. "
282016,2016,May 12 - 15,THE PLAYERS Championship,"TPC Sawgrass (THE PLAYERS Stadium Course) - Ponte Vedra Beach, FL. "
292016,2016,May 19 - 22,AT&T Byron Nelson,"TPC Four Seasons Resort - Irving, TX. "
302016,2016,May 26 - 29,DEAN & DELUCA Invitational,"Colonial Country Club - Fort Worth, TX. "
312016,2016,Jun 2 - 5,the Memorial Tournament presented by Nationwide,"Muirfield Village Golf Club - Dublin, OH. "
322016,2016,Jun 9 - 12,FedEx St. Jude Classic,"TPC Southwind - Memphis, TN. "
332016,2016,Jun 16 - 19,U.S. Open,
342016,2016,Jun 23 - 26,Quicken Loans National,"Congressional Country Club - Bethesda, MD. "
362016,2016,Jun 30 - Jul 3,World Golf Championships-Bridgestone Invitational,"Firestone CC (South Course) - Akron, OH. "
382016,2016,Jul 14 - 17,Barbasol Championship,"RTJ Trail Grand National Lake - Auburn, AL. "
392016,2016,Jul 14 - 17,The Open,
402016,2016,Jul 21 - 24,RBC Canadian Open,"Glen Abbey GC - Oakville, ON. "
412016,2016,Jul 28 - 31,PGA Championship,
422016,2016,Aug 4 - 7,Travelers Championship,"TPC River Highlands - Cromwell, CT. "
432016,2016,Aug 11 - 14,John Deere Classic,"TPC Deere Run - Silvis, IL. "
442016,2016,Aug 18 - 21,Wyndham Championship,"Sedgefield Country Club - Greensboro, NC. "
452016,2016,Aug 25 - 28,The Barclays,"Bethpage State Park - Bethpage, NY. "
462016,2016,Sep 2 - 5,Deutsche Bank Championship,"TPC Boston - Norton, MA. "
472016,2016,Sep 8 - 11,BMW Championship,"Crooked Stick Golf Course - Carmel, IN. "
482016,2016,Sep 22 - 25,TOUR Championship,"East Lake Golf Club - Atlanta, GA. "
492016,2016,Sep 30 - Oct 2,Ryder Cup,"Hazeltine National Golf Club - Chaska, MN. "
12017,2017,Oct 13 - 16,Safeway Open,"Silverado Resort and Spa (North Course) - Napa, CA. "
22017,2017,Oct 20 - 23,CIMB Classic,"TPC Kuala Lumpur - Kuala Lumpur, Malaysia. "
32017,2017,Oct 26 - 30,World Golf Championships-HSBC Champions,"Sheshan International GC - Shanghai, China. "
42017,2017,Oct 27 - 30,Sanderson Farms Championship,"Country Club of Jackson - Jackson, MS. "
52017,2017,Nov 3 - 6,Shriners Hospitals for Children Open,"TPC Summerlin - Las Vegas, NV. "
62017,2017,Nov 10 - 13,OHL Classic at Mayakoba,"El Camaleón Golf Course at Mayakoba - Quintana Roo, Mexico. "
72017,2017,Nov 17 - 20,The RSM Classic,"Sea Island Resort (Seaside Course) - Saint Simons Island, GA. Sea Island Resort (Plantation Course) - Saint Simons Island, GA. "
82017,2017,Dec 1 - 4,Hero World Challenge,"Albany - New Providence, Bahamas. "
92017,2017,Jan 5 - 8,SBS Tournament of Champions,"Kapalua Resort (Plantation Course) - Kapalua, HI. "
102017,2017,Jan 12 - 15,Sony Open in Hawaii,"Waialae Country Club - Honolulu, HI. "
112017,2017,Jan 19 - 22,CareerBuilder Challenge,"La Quinta Country Club - La Quinta, CA. Jack Nicklaus Tournament Course - La Quinta, CA. Stadium Course - La Quinta, CA. Jack Nicklaus Tournament Course - Duplicate - La Quinta, CA. "
122017,2017,Jan 26 - 29,Farmers Insurance Open,"Torrey Pines (North Course) - La Jolla, CA. Torrey Pines (South Course) - La Jolla, CA. "
132017,2017,Feb 2 - 5,Waste Management Phoenix Open,"TPC Scottsdale (Stadium Course) - Scottsdale, AZ. "
142017,2017,Feb 9 - 12,AT&T Pebble Beach Pro-Am,"Spyglass Hill GC - Pebble Beach, CA. Pebble Beach Golf Links - Pebble Beach, CA. Monterey Peninsula Country Club (Shore Course) - Pebble Beach, CA. "
152017,2017,Feb 16 - 19,Genesis Open,"Riviera Country Club - Pacific Palisades, CA. "
162017,2017,Feb 23 - 26,The Honda Classic,"PGA National Resort & Spa (The Champion) - Palm Beach Gardens, FL. "
172017,2017,Mar 2 - 5,World Golf Championships-Mexico Championship,"Club De Golf Chapultepec - Mexico City, Mexico. "
182017,2017,Mar 9 - 12,Valspar Championship,"Innisbrook Resort (Copperhead Course) - Palm Harbor, FL. "
192017,2017,Mar 16 - 19,Arnold Palmer Invitational presented by Mastercard,"Arnold Palmer's Bay Hill Club & Lodge - Orlando, FL. "
202017,2017,Mar 22 - 26,World Golf Championships-Dell Technologies Match Play,"Austin Country Club - Austin, TX. "
212017,2017,Mar 23 - 26,Puerto Rico Open,"Grand Reserve Country Club - Rio Grande, Puerto Rico. "
222017,2017,Mar 30 - Apr 2,Shell Houston Open,"Golf Club of Houston - Houston, TX. "
232017,2017,Apr 6 - 9,2017 Masters Tournament,
242017,2017,Apr 13 - 16,RBC Heritage,"Harbour Town Golf Links - Hilton Head Island, SC. "
252017,2017,Apr 20 - 23,Valero Texas Open,"TPC San Antonio (Oaks Course) - San Antonio, TX. "
272017,2017,May 4 - 7,Wells Fargo Championship,"Eagle Point Golf Club - Wilmington, NC. "
282017,2017,May 11 - 14,THE PLAYERS Championship,"TPC Sawgrass (THE PLAYERS Stadium Course) - Ponte Vedra Beach, FL. "
292017,2017,May 18 - 21,AT&T Byron Nelson,"TPC Four Seasons Resort - Irving, TX. "
302017,2017,May 25 - 28,DEAN & DELUCA Invitational,"Colonial Country Club - Fort Worth, TX. "
312017,2017,Jun 1 - 4,the Memorial Tournament presented by Nationwide,"Muirfield Village Golf Club - Dublin, OH. "
322017,2017,Jun 8 - 11,FedEx St. Jude Classic,"TPC Southwind - Memphis, TN. "
332017,2017,Jun 15 - 18,U.S. Open,
342017,2017,Jun 22 - 25,Travelers Championship,"TPC River Highlands - Cromwell, CT. "
352017,2017,Jun 29 - Jul 2,Quicken Loans National,"TPC Potomac at Avenel Farm - Potomac, MD. Whistle Bear GC - Cambridge, ON. "
362017,2017,Jul 6 - 9,The Greenbrier Classic,"The Old White Course - White Sulphur Springs, WV. "
372017,2017,Jul 13 - 16,John Deere Classic,"TPC Deere Run - Silvis, IL. Jennings Mill Country Club - Athens, GA. "
382017,2017,Jul 20 - 23,Barbasol Championship,"RTJ Trail Grand National Lake - Auburn, AL. "
392017,2017,Jul 20 - 23,The Open,
402017,2017,Jul 27 - 30,RBC Canadian Open,"Glen Abbey GC - Oakville, ON. "
422017,2017,Aug 3 - 6,World Golf Championships-Bridgestone Invitational,"Firestone CC (South Course) - Akron, OH. "
432017,2017,Aug 10 - 13,PGA Championship,
442017,2017,Aug 17 - 20,Wyndham Championship,"Sedgefield Country Club - Greensboro, NC. "
452017,2017,Aug 24 - 27,THE NORTHERN TRUST,"Glen Oaks Club - Old Westbury, NY. Glen Oaks CC. "
462017,2017,Sep 1 - 4,Dell Technologies Championship,"TPC Boston - Norton, MA. "
472017,2017,Sep 14 - 17,BMW Championship,"Conway Farms Golf Club - Lake Forest, IL. "
482017,2017,Sep 21 - 24,TOUR Championship,"East Lake Golf Club - Atlanta, GA. TPC San Francisco Bay at Stonebrae - Hayward, CA. "
492017,2017,Sep 28 - Oct 1,Presidents Cup,"Liberty National Golf Club - Jersey City, NJ. "
12019,2019,Oct 4 - 7,Safeway Open,"Silverado Resort and Spa (North Course) - Napa, CA. "
22019,2019,Oct 10 - 14,CIMB Classic,"TPC Kuala Lumpur - Kuala Lumpur, Malaysia. "
32019,2019,Oct 17 - 21,THE CJ CUP @ NINE BRIDGES,"The Club at Nine Bridges - Jeju Island, South Korea. "
42019,2019,Oct 24 - 28,WGC-HSBC CHAMPIONS,"Sheshan International GC - Shanghai, China. "
52019,2019,Oct 25 - 28,Sanderson Farms Championship,"Country Club of Jackson - Jackson, MS. "
62019,2019,Nov 1 - 4,Shriners Hospital for Children Open,"TPC Summerlin - Las Vegas, NV. "
72019,2019,Nov 8 - 11,Mayakoba Golf Classic,"El Camaleón Golf Course at Mayakoba - Quintana Roo, Mexico. "
82019,2019,Nov 15 - 18,The RSM Classic,"Sea Island Resort (Seaside Course) - Saint Simons Island, GA. Sea Island Resort (Plantation Course) - Saint Simons Island, GA. "
92019,2019,Nov 23,The Match: Tiger vs Phil,"Shadow Creek Golf Course - Las Vegas, NV. "
102019,2019,Nov 29 - Dec 2,Hero World Challenge,"Albany - New Providence, Bahamas. "
112019,2019,Jan 3 - 6,Sentry Tournament of Champions,"Kapalua Resort (Plantation Course) - Kapalua, HI. "
122019,2019,Jan 10 - 13,Sony Open in Hawaii,"Waialae Country Club - Honolulu, HI. "
132019,2019,Jan 17 - 20,Desert Classic,"La Quinta Country Club - La Quinta, CA. Jack Nicklaus Tournament Course - La Quinta, CA. Pete Dye Stadium Course - La Quinta, CA. "
142019,2019,Jan 24 - 27,Farmers Insurance Open,"Torrey Pines (North Course) - La Jolla, CA. Torrey Pines (South Course) - La Jolla, CA. "
152019,2019,Jan 31 - Feb 3,Waste Management Phoenix Open,"TPC Scottsdale (Stadium Course) - Scottsdale, AZ. "
162019,2019,Feb 7 - 11,AT&T Pebble Beach Pro-Am,"Spyglass Hill GC - Pebble Beach, CA. Pebble Beach Golf Links - Pebble Beach, CA. Monterey Peninsula Country Club (Shore Course) - Pebble Beach, CA. "
172019,2019,Feb 14 - 17,Genesis Open,"Riviera Country Club - Pacific Palisades, CA. "
182019,2019,Feb 21 - 24,Puerto Rico Open,"Grand Reserve Country Club - Rio Grande, Puerto Rico. "
192019,2019,Feb 21 - 24,WGC-Mexico Championship,"Club De Golf Chapultepec - Mexico City, Mexico. "
202019,2019,Feb 28 - Mar 3,The Honda Classic,"PGA National Resort & Spa (The Champion) - Palm Beach Gardens, FL. "
212019,2019,Mar 7 - 10,Arnold Palmer Invitational Pres. By Mastercard,"Arnold Palmer's Bay Hill Club & Lodge - Orlando, FL. "
222019,2019,Mar 14 - 17,THE PLAYERS Championship,"TPC Sawgrass (THE PLAYERS Stadium Course) - Ponte Vedra Beach, FL. "
232019,2019,Mar 21 - 24,Valspar Championship,"Innisbrook Resort (Copperhead Course) - Palm Harbor, FL. "
242019,2019,Mar 27 - 31,WGC-Dell Technologies Match Play,"Austin Country Club - Austin, TX. "
252019,2019,Mar 28 - 31,Corales Puntacana Resort & Club Championship,"Puntacana Resort & Club (Corales Golf Course) - Punta Cana, Dominican Republic. "
262019,2019,Apr 4 - 7,Valero Texas Open,"TPC San Antonio (Oaks Course) - San Antonio, TX. "
272019,2019,Apr 11 - 14,2019 Masters Tournament,
282019,2019,Apr 18 - 21,RBC Heritage,"Harbour Town Golf Links - Hilton Head Island, SC. "
302019,2019,May 2 - 5,Wells Fargo Championship,"Quail Hollow Club - Charlotte, NC. "
312019,2019,May 9 - 12,AT&T Byron Nelson,"Trinity Forest Golf Club - Dallas, TX. "
322019,2019,May 16 - 19,PGA Championship,
332019,2019,May 23 - 26,Charles Schwab Challenge,"Colonial Country Club - Fort Worth, TX. "
342019,2019,May 30 - Jun 2,the Memorial Tournament pres. by Nationwide,"Muirfield Village Golf Club - Dublin, OH. "
352019,2019,Jun 6 - 9,RBC Canadian Open,"Hamilton Golf & Country Club - Hamilton, ON. "
362019,2019,Jun 13 - 16,U.S. Open,
372019,2019,Jun 20 - 23,Travelers Championship,"TPC River Highlands - Cromwell, CT. "
382019,2019,Jun 27 - 30,Rocket Mortgage Classic,"Detroit Golf Club - Detroit, MI. "
392019,2019,Jul 4 - 7,3M Open,"TPC Twin Cities - Blaine, MN. "
402019,2019,Jul 11 - 14,John Deere Classic,"TPC Deere Run - Silvis, IL. "
412019,2019,Jul 18 - 21,The Open Championship,
422019,2019,Jul 18 - 21,Barbasol Championship,"Keene Trace Golf Club (Champions Course) - Nicholasville, KY. "
432019,2019,Jul 25 - 28,WGC-FedEx St. Jude Invitational,"TPC Southwind - Memphis, TN. "
452019,2019,Aug 1 - 4,Wyndham Championship,"Sedgefield Country Club - Greensboro, NC. "
462019,2019,Aug 8 - 11,THE NORTHERN TRUST,"Liberty National Golf Club - Jersey City, NJ. "
472019,2019,Aug 15 - 18,BMW Championship,"Medinah CC - Medinah, IL. "
482019,2019,Aug 22 - 25,Tour Championship,"East Lake Golf Club - Atlanta, GA. "
12020,2020,Sep 12 - 15,A Military Tribute at The Greenbrier,"The Old White Course - White Sulphur Springs, WV. "
22020,2020,Sep 19 - 22,Sanderson Farms Championship,"Country Club of Jackson - Jackson, MS. "
32020,2020,Sep 26 - 29,Safeway Open,"Silverado Resort and Spa (North Course) - Napa, CA. "
42020,2020,Oct 3 - 6,Shriners Hospitals for Children Open,"TPC Summerlin - Las Vegas, NV. "
52020,2020,Oct 10 - 13,Houston Open,"Golf Club of Houston - Houston, TX. "
62020,2020,Oct 16 - 20,THE CJ CUP @ NINE BRIDGES,"The Club at Nine Bridges - Jeju Island, South Korea. "
72020,2020,Oct 24 - 28,The ZOZO CHAMPIONSHIP,"Accordia Golf Narashino CC - Chiba, Japan. "
82020,2020,Oct 31 - Nov 3,WGC-HSBC CHAMPIONS,"Sheshan International GC - Shanghai, China. "
92020,2020,Oct 31 - Nov 3,Bermuda Championship,"Port Royal Golf Course - Southampton Parish, Bermuda. "
102020,2020,Nov 14 - 18,Mayakoba Golf Classic,"El Camaleón Golf Course at Mayakoba - Quintana Roo, Mexico. "
112020,2020,Nov 21 - 24,The RSM Classic,"Sea Island Resort (Seaside Course) - Saint Simons Island, GA. Sea Island Resort (Plantation Course) - Saint Simons Island, GA. "
122020,2020,Dec 4 - 7,Hero World Challenge,"Albany - New Providence, Bahamas. "
132020,2020,Dec 12 - 16,Presidents Cup,"Royal Melbourne Golf Club - Black Rock, Australia. "
142020,2020,Jan 2 - 5,Sentry Tournament of Champions,"Kapalua Resort (Plantation Course) - Kapalua, HI. "
152020,2020,Jan 9 - 12,Sony Open in Hawaii,"Waialae Country Club - Honolulu, HI. "
162020,2020,Jan 16 - 19,The American Express,"La Quinta Country Club - La Quinta, CA. Jack Nicklaus Tournament Course - La Quinta, CA. Pete Dye Stadium Course - La Quinta, CA. "
172020,2020,Jan 23 - 26,Farmers Insurance Open,"Torrey Pines (North Course) - La Jolla, CA. Torrey Pines (South Course) - La Jolla, CA. "
182020,2020,Jan 30 - Feb 2,Waste Management Phoenix Open,"TPC Scottsdale (Stadium Course) - Scottsdale, AZ. "
192020,2020,Feb 6 - 9,AT&T Pebble Beach Pro-Am,"Spyglass Hill GC - Pebble Beach, CA. Pebble Beach Golf Links - Pebble Beach, CA. Monterey Peninsula Country Club (Shore Course) - Pebble Beach, CA. "
202020,2020,Feb 13 - 16,The Genesis Invitational,"Riviera Country Club - Pacific Palisades, CA. "
212020,2020,Feb 20 - 23,Puerto Rico Open,"Grand Reserve Country Club - Rio Grande, Puerto Rico. "
222020,2020,Feb 20 - 23,WGC-Mexico Championship,"Club De Golf Chapultepec - Mexico City, Mexico. "
232020,2020,Feb 27 - Mar 1,The Honda Classic,"PGA National Resort & Spa (The Champion) - Palm Beach Gardens, FL. "
242020,2020,Mar 5 - 8,Arnold Palmer Invitational Pres. By Mastercard,"Arnold Palmer's Bay Hill Club & Lodge - Orlando, FL. "
322020,2020,May 24,The Match: Champions for Charity,"Medalist Golf Club - Hobe Sound, FL. "
332020,2020,Jun 11 - 14,Charles Schwab Challenge,"Colonial Country Club - Fort Worth, TX. "
352020,2020,Jun 18 - 21,RBC Heritage,"Harbour Town Golf Links - Hilton Head Island, SC. "
362020,2020,Jun 25 - 28,Travelers Championship,"TPC River Highlands - Cromwell, CT. "
372020,2020,Jul 2 - 5,Rocket Mortgage Classic,"Detroit Golf Club - Detroit, MI. "
392020,2020,Jul 9 - 12,Workday Charity Open,"Muirfield Village Golf Club - Dublin, OH. "
422020,2020,Jul 16 - 19,the Memorial Tournament pres. by Nationwide,"Muirfield Village Golf Club - Dublin, OH. "
432020,2020,Jul 23 - 26,3M Open,"TPC Twin Cities - Blaine, MN. "
442020,2020,Jul 30 - Aug 2,WGC-FedEx St. Jude Invitational,"TPC Southwind - Memphis, TN. "
462020,2020,Aug 6 - 9,PGA Championship,
472020,2020,Aug 13 - 16,Wyndham Championship,"Sedgefield Country Club - Greensboro, NC. "
482020,2020,Aug 20 - 23,THE NORTHERN TRUST,"TPC Boston - Norton, MA. "
492020,2020,Aug 27 - 30,BMW Championship,"Olympia Fields Country Club - Olympia Fields, IL. "
502020,2020,Sep 4 - 7,Tour Championship,"East Lake Golf Club - Atlanta, GA. "
12021,2021,Sep 10 - 13,Safeway Open,"Silverado Resort and Spa (North Course) - Napa, CA. "
22021,2021,Sep 17 - 20,U.S. Open,
62021,2021,Oct 15 - 18,THE CJ CUP @ SHADOW CREEK,"Shadow Creek Golf Course - Las Vegas, NV. "
72021,2021,Oct 22 - 25,The ZOZO CHAMPIONSHIP,"Sherwood CC in Thousand Oaks - Thousand Oaks, CA. "
92021,2021,Oct 29 - Nov 1,Bermuda Championship,"Port Royal Golf Course - Southampton Parish, Bermuda. "
102021,2021,Nov 5 - 8,Vivint Houston Open,"Memorial Park Golf Course - Houston, TX. "
112021,2021,Nov 12 - 15,2020 Masters Tournament,
122021,2021,Nov 19 - 22,The RSM Classic,"Sea Island Resort (Seaside Course) - Saint Simons Island, GA. Sea Island Resort (Plantation Course) - Saint Simons Island, GA. "
132021,2021,Nov 27,The Match: Champions for Change,"Stone Canyon Golf Club - Oro Valley, AZ. "
142021,2021,Dec 3 - 6,Mayakoba Golf Classic presented by UNIFIN,"El Camaleón Golf Course at Mayakoba - Quintana Roo, Mexico. "
162021,2021,Jan 7 - 10,Sentry Tournament of Champions,"Kapalua Resort (Plantation Course) - Kapalua, HI. "
172021,2021,Jan 14 - 17,Sony Open in Hawaii,"Waialae Country Club - Honolulu, HI. "
182021,2021,Jan 21 - 24,The American Express,"Jack Nicklaus Tournament Course - La Quinta, CA. Pete Dye Stadium Course - La Quinta, CA. "
192021,2021,Jan 28 - 31,Farmers Insurance Open,"Torrey Pines (North Course) - La Jolla, CA. Torrey Pines (South Course) - La Jolla, CA. "
202021,2021,Feb 4 - 7,Waste Management Phoenix Open,"TPC Scottsdale (Stadium Course) - Scottsdale, AZ. "
212021,2021,Feb 11 - 14,AT&T Pebble Beach Pro-Am,"Spyglass Hill GC - Pebble Beach, CA. Pebble Beach Golf Links - Pebble Beach, CA. "
222021,2021,Feb 18 - 21,The Genesis Invitational,"Riviera Country Club - Pacific Palisades, CA. "
232021,2021,Feb 25 - 28,WGC-Workday Championship at The Concession,"The Concession Golf Club - Bradenton, FL. "
242021,2021,Feb 25 - 28,Puerto Rico Open,"Grand Reserve Country Club - Rio Grande, Puerto Rico. "
252021,2021,Mar 4 - 7,Arnold Palmer Invitational Pres. By Mastercard,"Arnold Palmer's Bay Hill Club & Lodge - Orlando, FL. "
262021,2021,Mar 11 - 14,THE PLAYERS Championship,"TPC Sawgrass (THE PLAYERS Stadium Course) - Ponte Vedra Beach, FL. "
272021,2021,Mar 18 - 21,The Honda Classic,"PGA National Resort & Spa (The Champion) - Palm Beach Gardens, FL. "
292021,2021,Mar 25 - 28,Corales Puntacana Resort & Club Championship,"Puntacana Resort & Club (Corales Golf Course) - Punta Cana, Dominican Republic. "
302021,2021,Apr 1 - 4,Valero Texas Open,"TPC San Antonio (Oaks Course) - San Antonio, TX. "
312021,2021,Apr 8 - 11,2021 Masters Tournament,
322021,2021,Apr 15 - 18,RBC Heritage,"Harbour Town Golf Links - Hilton Head Island, SC. "
342021,2021,Apr 29 - May 2,Valspar Championship,"Innisbrook Resort (Copperhead Course) - Palm Harbor, FL. "
352021,2021,May 6 - 9,Wells Fargo Championship,"Quail Hollow Club - Charlotte, NC. "
362021,2021,May 13 - 16,AT&T Byron Nelson,"TPC Craig Ranch - McKinney, TX. "
372021,2021,May 20 - 23,PGA Championship,
382021,2021,May 27 - 30,Charles Schwab Challenge,"Colonial Country Club - Fort Worth, TX. "
392021,2021,Jun 3 - 6,the Memorial Tournament pres. by Nationwide,"Muirfield Village Golf Club - Dublin, OH. "
412021,2021,Jun 10 - 13,Palmetto Championship at Congaree,"Congaree Golf Club - Ridgeland, SC. "
422021,2021,Jun 17 - 20,U.S. Open,
432021,2021,Jun 24 - 27,Travelers Championship,"TPC River Highlands - Cromwell, CT. "
442021,2021,Jul 1 - 4,Rocket Mortgage Classic,"Detroit Golf Club - Detroit, MI. "
452021,2021,Jul 6,The Match,"The Reserve at Moonlight Basin - Big Sky, MT. "
462021,2021,Jul 8 - 11,John Deere Classic,"TPC Deere Run - Silvis, IL. "
472021,2021,Jul 15 - 18,The Open Championship,
482021,2021,Jul 15 - 18,Barbasol Championship,"Keene Trace Golf Club (Champions Course) - Nicholasville, KY. "
492021,2021,Jul 22 - 25,3M Open,"TPC Twin Cities - Blaine, MN. "
502021,2021,Aug 5 - 8,WGC-FedEx St. Jude Invitational,"TPC Southwind - Memphis, TN. "
512021,2021,Aug 5 - 8,Barracuda Championship,"Tahoe Mountain Club (Old Greenwood) - Truckee, CA. "
522021,2021,Aug 12 - 15,Wyndham Championship,"Sedgefield Country Club - Greensboro, NC. "
532021,2021,Aug 19 - 23,THE NORTHERN TRUST,"Liberty National Golf Club - Jersey City, NJ. "
542021,2021,Aug 26 - 29,BMW Championship,"Caves Valley Golf Club - Baltimore, MD. "
552021,2021,Sep 2 - 5,TOUR Championship,"East Lake Golf Club - Atlanta, GA. "
12022,2022,Sep 16 - 19,Fortinet Championship,"Silverado Resort and Spa (North Course) - Napa, CA. "
22022,2022,Sep 24 - 26,Ryder Cup,"Whistling Straits (Straits Course) - Kohler, WI. "
32022,2022,Sep 30 - Oct 3,Sanderson Farms Championship,"Country Club of Jackson - Jackson, MS. "
42022,2022,Oct 7 - 10,Shriners Children's Open,"TPC Summerlin - Las Vegas, NV. "
52022,2022,Oct 14 - 17,THE CJ CUP @ SUMMIT,"The Summit Club - Las Vegas, NV. "
62022,2022,Oct 21 - 24,ZOZO CHAMPIONSHIP,"Accordia Golf Narashino Country Club - Chiba, Japan. "
72022,2022,Oct 28 - 31,Butterfield Bermuda Championship,"Port Royal Golf Course - Southampton Parish, Bermuda. "
82022,2022,Nov 4 - 7,World Wide Technology Championship at Mayakoba,"El Camaleón Golf Course at Mayakoba - Quintana Roo, Mexico. "
92022,2022,Nov 11 - 14,Houston Open,"Memorial Park Golf Course - Houston, TX. "
102022,2022,Nov 18 - 21,The RSM Classic,"Sea Island Resort (Seaside Course) - Saint Simons Island, GA. Sea Island Resort (Plantation Course) - Saint Simons Island, GA. "
112022,2022,Nov 26,The Match,"Wynn Golf Club - Las Vegas, NV. "
122022,2022,Dec 2 - 5,Hero World Challenge,"Albany - New Providence, Bahamas. "
132022,2022,Jan 6 - 9,Sentry Tournament of Champions,"Kapalua Resort (Plantation Course) - Kapalua, HI. "
142022,2022,Jan 13 - 16,Sony Open in Hawaii,"Waialae Country Club - Honolulu, HI. "
152022,2022,Jan 20 - 23,The American Express,"La Quinta Country Club - La Quinta, CA. Jack Nicklaus Tournament Course - La Quinta, CA. Pete Dye Stadium Course - La Quinta, CA. "
162022,2022,Jan 26 - 29,Farmers Insurance Open,"Torrey Pines (North Course) - La Jolla, CA. Torrey Pines (South Course) - La Jolla, CA. "
172022,2022,Feb 3 - 6,AT&T Pebble Beach Pro-Am,"Spyglass Hill GC - Pebble Beach, CA. Pebble Beach Golf Links - Pebble Beach, CA. Monterey Peninsula Country Club (Shore Course) - Pebble Beach, CA. "
182022,2022,Feb 10 - 13,WM Phoenix Open,"TPC Scottsdale (Stadium Course) - Scottsdale, AZ. "
192022,2022,Feb 17 - 20,The Genesis Invitational,"Riviera Country Club - Pacific Palisades, CA. "
202022,2022,Feb 24 - 27,The Honda Classic,"PGA National Resort & Spa (The Champion) - Palm Beach Gardens, FL. "
212022,2022,Mar 3 - 6,Arnold Palmer Invitational pres. by Mastercard,"Arnold Palmer's Bay Hill Club & Lodge - Orlando, FL. "
222022,2022,Mar 3 - 6,Puerto Rico Open,"Grand Reserve Country Club - Rio Grande, Puerto Rico. "
232022,2022,Mar 10 - 14,THE PLAYERS Championship,"TPC Sawgrass (THE PLAYERS Stadium Course) - Ponte Vedra Beach, FL. "
242022,2022,Mar 17 - 20,Valspar Championship,"Innisbrook Resort (Copperhead Course) - Palm Harbor, FL. "
252022,2022,Mar 23 - 27,WGC-Dell Technologies Match Play,"Austin Country Club - Austin, TX. "
262022,2022,Mar 24 - 27,Corales Puntacana Championship,"Puntacana Resort & Club (Corales Golf Course) - Punta Cana, Dominican Republic. "
272022,2022,Mar 31 - Apr 3,Valero Texas Open,"TPC San Antonio (Oaks Course) - San Antonio, TX. "
282022,2022,Apr 7 - 10,Masters Tournament,
292022,2022,Apr 14 - 17,RBC Heritage,"Harbour Town Golf Links - Hilton Head Island, SC. "
302022,2022,Apr 21 - 24,Zurich Classic of New Orleans,"TPC Louisiana - Avondale, LA. "
312022,2022,Apr 28 - May 1,Mexico Open,"Vidanta Vallarta - Villa Hidalgo, Mexico. "
322022,2022,May 5 - 8,Wells Fargo Championship,"TPC Potomac at Avenel Farm - Potomac, MD. "
332022,2022,May 12 - 15,AT&T Byron Nelson,"TPC Craig Ranch - McKinney, TX. "
342022,2022,May 19 - 22,PGA Championship,
352022,2022,May 26 - 29,Charles Schwab Challenge,"Colonial Country Club - Fort Worth, TX. "
362022,2022,Jun 1,The Match,"Wynn Golf Club - Las Vegas, NV. "
372022,2022,Jun 2 - 5,the Memorial Tournament pres. by Workday,"Muirfield Village Golf Club - Dublin, OH. "
382022,2022,Jun 9 - 12,RBC Canadian Open,"St. George's Golf and Country Club - Toronto, ON. "
392022,2022,Jun 16 - 19,U.S. Open,
402022,2022,Jun 23 - 26,Travelers Championship,"TPC River Highlands - Cromwell, CT. "
412022,2022,Jun 30 - Jul 3,John Deere Classic,"TPC Deere Run - Silvis, IL. "
422022,2022,Jul 7 - 10,Genesis Scottish Open,"The Renaissance Club - North Berwick, Scotland. "
432022,2022,Jul 7 - 10,Barbasol Championship,"Keene Trace Golf Club (Champions Course) - Nicholasville, KY. "
442022,2022,Jul 14 - 17,The Open,
452022,2022,Jul 14 - 17,Barracuda Championship,"Tahoe Mountain Club (Old Greenwood) - Truckee, CA. "
462022,2022,Jul 21 - 24,3M Open,"TPC Twin Cities - Blaine, MN. "
472022,2022,Jul 28 - 31,Rocket Mortgage Classic,"Detroit Golf Club - Detroit, MI. "
482022,2022,Aug 4 - 7,Wyndham Championship,"Sedgefield Country Club - Greensboro, NC. "
492022,2022,Aug 11 - 14,FedEx St. Jude Championship,"TPC Southwind - Memphis, TN. "
502022,2022,Aug 18 - 21,BMW Championship,"Wilmington Country Club (South Course) - Wilmington, DE. "
512022,2022,Aug 25 - 28,TOUR Championship,"East Lake Golf Club - Atlanta, GA. "
